{"laundry detergent": [14, 1605073446.711303], "tortillas": [7, 1605073446.711303], "cereals": [7, 1605073446.711303], "dishwashing liquid/detergent": [14, 1605073446.711303], "mixes": [11, 1605073446.711303], "toilet paper": [10, 1605073446.711303], "flour": [5, 1605073446.711303], "individual meals": [15, 1605073446.711303], "lunch meat": [15, 1605073446.711303], "soda": [6, 1605073446.711303], "hand soap": [10, 1605073446.711303], "sandwich bags": [9, 1605073446.711303], "shampoo": [8, 1605073446.711303], "all- purpose": [7, 1605073446.711303], "ice cream": [14, 1605073446.711303], "pork": [7, 1605073446.711303], "soap": [10, 1605073446.711303], "milk": [15, 1605073446.711303], "aluminum foil": [10, 1605073446.711303], "cheeses": [9, 1605073446.711303], "yogurt": [9, 1605073446.711303], "butter": [6, 1605073446.711303], "dinner rolls": [15, 1605073446.711303], "vegetables": [7, 1605073446.711303], "waffles": [6, 1605073446.711303]}