{
    "all- purpose": {
        "quan": 14,
        "time": 1605528986.942783
    },
    "aluminum foil": {
        "quan": 14,
        "time": 1605528986.942783
    },
    "butter": {
        "quan": 11,
        "time": 1605528986.942783
    },
    "cereals": {
        "quan": 8,
        "time": 1605530084.382171
    },
    "cheeses": {
        "quan": 9,
        "time": 1605528986.942783
    },
    "dinner rolls": {
        "quan": 15,
        "time": 1605528986.942783
    },
    "dishwashing liquid/detergent": {
        "quan": 13,
        "time": 1605528986.942783
    },
    "flour": {
        "quan": 12,
        "time": 1605528986.942783
    },
    "hand soap": {
        "quan": 15,
        "time": 1605528986.942783
    },
    "ice cream": {
        "quan": 14,
        "time": 1605528986.942783
    },
    "individual meals": {
        "quan": 6,
        "time": 1605528986.942783
    },
    "laundry detergent": {
        "quan": 9,
        "time": 1605528986.942783
    },
    "lunch meat": {
        "quan": 7,
        "time": 1605528986.942783
    },
    "milk": {
        "quan": 12,
        "time": 1605528986.942783
    },
    "mixes": {
        "quan": 6,
        "time": 1605528986.942783
    },
    "pork": {
        "quan": 15,
        "time": 1605528986.942783
    },
    "sandwich bags": {
        "quan": 8,
        "time": 1605528986.942783
    },
    "shampoo": {
        "quan": 12,
        "time": 1605528986.942783
    },
    "soap": {
        "quan": 13,
        "time": 1605528986.942783
    },
    "soda": {
        "quan": 15,
        "time": 1605528986.942783
    },
    "toilet paper": {
        "quan": 14,
        "time": 1605528986.942783
    },
    "tortillas": {
        "quan": 5,
        "time": 1605528986.942783
    },
    "vegetables": {
        "quan": 6,
        "time": 1605528986.942783
    },
    "waffles": {
        "quan": 10,
        "time": 1605528986.942783
    },
    "yogurt": {
        "quan": 13,
        "time": 1605528986.942783
    }
}