{
    "all- purpose": [
        10,
        1605074198.517473
    ],
    "aluminum foil": [
        10,
        1605074198.517473
    ],
    "butter": [
        9,
        1605074198.517473
    ],
    "cereals": [
        "12",
        1605080786.951819
    ],
    "cheeses": [
        12,
        1605074198.517473
    ],
    "dinner rolls": [
        6,
        1605074198.517473
    ],
    "dishwashing liquid/detergent": [
        11,
        1605074198.517473
    ],
    "flour": [
        5,
        1605074198.517473
    ],
    "hand soap": [
        8,
        1605074198.517473
    ],
    "ice cream": [
        8,
        1605074198.517473
    ],
    "individual meals": [
        6,
        1605074198.517473
    ],
    "laundry detergent": [
        9,
        1605074198.517473
    ],
    "lunch meat": [
        5,
        1605074198.517473
    ],
    "milk": [
        11,
        1605074198.517473
    ],
    "mixes": [
        7,
        1605074198.517473
    ],
    "pork": [
        12,
        1605074198.517473
    ],
    "sandwich bags": [
        15,
        1605074198.517473
    ],
    "shampoo": [
        10,
        1605074198.517473
    ],
    "soap": [
        15,
        1605074198.517473
    ],
    "soda": [
        13,
        1605074198.517473
    ],
    "toilet paper": [
        12,
        1605074198.517473
    ],
    "tortillas": [
        15,
        1605074198.517473
    ],
    "vegetables": [
        12,
        1605074198.517473
    ],
    "waffles": [
        14,
        1605074198.517473
    ],
    "yogurt": [
        11,
        1605074198.517473
    ]
}