{
    "cheeses": {
        "quan": 23, 
        "time": 1606128695.992596
    }, 
    "dishwashing liquid/detergent": {
        "quan": 19, 
        "time": 1606128695.993267
    }, 
    "flour": {
        "quan": 17, 
        "time": 1606128695.992908
    }, 
    "individual meals": {
        "quan": 29, 
        "time": 1606128695.993226
    }, 
    "milk": {
        "quan": 17, 
        "time": 1606128695.99252
    }, 
    "pork": {
        "quan": 23, 
        "time": 1606128695.992419
    }, 
    "shampoo": {
        "quan": 22, 
        "time": 1606128695.993095
    }, 
    "soda": {
        "quan": 24, 
        "time": 1606128695.993201
    }, 
    "toilet paper": {
        "quan": 27, 
        "time": 1606128695.992949
    }, 
    "tortillas": {
        "quan": 16, 
        "time": 1606128695.993054
    }, 
    "waffles": {
        "quan": 15, 
        "time": 1606128695.9927
    }, 
    "yogurt": {
        "quan": 26, 
        "time": 1606128695.992822
    }
}